Peça,Loja,Preço Final (R$)
Processador Ryzen 5 5600X,Loja 1,1079.91
Processador Ryzen 5 5600X,Loja 2,1249.00
Processador Ryzen 5 5600X,Loja 3,1168.41
Placa de Vídeo RTX 3060,Loja 1,2374.05
Placa de Vídeo RTX 3060,Loja 2,2159.10
Placa de Vídeo RTX 3060,Loja 3,2599.90
SSD NVMe 1TB,Loja 1,389.90
SSD NVMe 1TB,Loja 2,360.05
SSD NVMe 1TB,Loja 3,399.90
Memória RAM 16GB DDR4,Loja 1,254.92
Memória RAM 16GB DDR4,Loja 2,309.90
Memória RAM 16GB DDR4,Loja 3,260.91
Fonte 650W 80 Plus Bronze,Loja 1,323.10
Fonte 650W 80 Plus Bronze,Loja 2,296.65
Fonte 650W 80 Plus Bronze,Loja 3,369.90